coin,trading_since,years_of_life,need_from_for_80pct,two_sided_from,years_covered,pct_of_life,meets_80,binfut_only_extra,validation_overlap_explore
BTCUSD,2010-07,16.2,2013-10,2022-02,4.7,29,False,inside FTMO span,2023-05-16..2023-12-01 FTMO ticks x Binance fut
LTCUSD,2011-10,15.0,2014-10,2022-02,4.7,31,False,inside FTMO span,2023-05-16..2023-12-01 FTMO ticks x Binance fut
XRPUSD,2013-08,13.2,2016-03,2022-02,4.7,35,False,inside FTMO span,2023-05-16..2023-12-01 FTMO ticks x Binance fut
DOGEUSD,2013-12,12.8,2016-07,2022-02,4.7,36,False,inside FTMO span,2023-05-16..2023-12-01 FTMO ticks x Binance fut
ETHUSD,2015-08,11.2,2017-10,2022-02,4.7,42,False,inside FTMO span,2023-05-16..2023-12-01 FTMO ticks x Binance fut
BNBUSD,2017-07,9.2,2019-05,2025-05,1.4,15,False,2023-05..2024-03 (then gap to FTMO 2025-05),none before seal
BCHUSD,2017-08,9.2,2019-06,2025-05,1.4,16,False,2023-05..2024-03 (then gap to FTMO 2025-05),none before seal
ADAUSD,2017-10,9.0,2019-07,2022-02,4.7,52,False,inside FTMO span,2023-05-16..2023-12-01 FTMO ticks x Binance fut
SOLUSD,2020-04,6.5,2021-07,2025-05,1.4,22,False,2023-05..2024-03 (then gap to FTMO 2025-05),none before seal
DOTUSD,2020-08,6.1,2021-11,2022-02,4.7,76,False,inside FTMO span,2023-05-16..2023-12-01 FTMO ticks x Binance fut
