series,year,bars,missing_hours,zero_gap_rate,median_gap_bp,roll_bp,zero_vol_share
perp_klines_ADAUSD,2020,8056,0,0.341,1.209,59.9,0.0
perp_klines_ADAUSD,2021,8760,0,0.312,0.482,77.44,0.0
perp_klines_ADAUSD,2022,8760,0,0.486,0.787,28.33,0.0
perp_klines_ADAUSD,2023,8016,0,0.522,0.0,12.27,0.0
perp_klines_BCHUSD,2020,8784,0,0.263,0.757,58.64,0.0
perp_klines_BCHUSD,2021,8760,0,0.185,0.556,,0.0
perp_klines_BCHUSD,2022,8760,0,0.326,0.721,,0.0
perp_klines_BCHUSD,2023,8016,0,0.457,0.408,26.05,0.0
perp_klines_BNBUSD,2020,7816,0,0.301,0.642,57.79,0.0
perp_klines_BNBUSD,2021,8760,0,0.267,0.268,27.58,0.0
perp_klines_BNBUSD,2022,8760,0,0.415,0.253,,0.0
perp_klines_BNBUSD,2023,8016,0,0.491,0.298,21.64,0.0
perp_klines_BTCUSD,2020,8784,0,0.326,0.011,40.13,0.0
perp_klines_BTCUSD,2021,8760,0,0.379,0.002,,0.0
perp_klines_BTCUSD,2022,8760,0,0.48,0.002,,0.0
perp_klines_BTCUSD,2023,8016,0,0.53,0.0,19.23,0.0
perp_klines_DOGEUSD,2020,4191,0,0.438,2.892,60.87,0.0
perp_klines_DOGEUSD,2021,8760,0,0.275,0.47,70.01,0.0
perp_klines_DOGEUSD,2022,8760,0,0.45,0.689,37.92,0.0
perp_klines_DOGEUSD,2023,8016,0,0.508,0.0,18.05,0.0
perp_klines_DOTUSD,2020,3161,0,0.38,1.975,57.77,0.0
perp_klines_DOTUSD,2021,8760,0,0.232,0.604,74.32,0.0
perp_klines_DOTUSD,2022,8760,0,0.429,0.536,33.91,0.0
perp_klines_DOTUSD,2023,8016,0,0.509,0.0,20.57,0.0
perp_klines_ETHUSD,2020,8784,0,0.362,0.295,51.03,0.0
perp_klines_ETHUSD,2021,8760,0,0.353,0.033,,0.0
perp_klines_ETHUSD,2022,8760,0,0.472,0.031,,0.0
perp_klines_ETHUSD,2023,8016,0,0.527,0.0,19.82,0.0
perp_klines_LTCUSD,2020,8584,0,0.432,1.444,61.88,0.0
perp_klines_LTCUSD,2021,8760,0,0.326,0.562,58.94,0.0
perp_klines_LTCUSD,2022,8640,120,0.467,0.789,17.75,0.0
perp_klines_LTCUSD,2023,8016,0,0.512,0.0,29.48,0.0
perp_klines_SOLUSD,2020,2609,0,0.141,1.481,44.87,0.0
perp_klines_SOLUSD,2021,8760,0,0.129,0.872,67.02,0.0
perp_klines_SOLUSD,2022,8640,120,0.463,0.721,20.46,0.0
perp_klines_SOLUSD,2023,8016,0,0.451,0.355,3.47,0.0
perp_klines_XRPUSD,2020,8656,0,0.548,0.0,59.58,0.0
perp_klines_XRPUSD,2021,8760,0,0.475,0.709,61.12,0.0
perp_klines_XRPUSD,2022,8640,120,0.518,0.0,24.08,0.0
perp_klines_XRPUSD,2023,8016,0,0.514,0.0,7.35,0.0
binance_ADAUSD,2018,6184,28,0.274,2.507,60.33,0.0
binance_ADAUSD,2019,8732,28,0.284,2.499,29.69,0.0001
binance_ADAUSD,2020,8766,18,0.27,1.888,57.79,0.0
binance_ADAUSD,2021,8747,13,0.37,0.647,76.71,0.0001
binance_ADAUSD,2022,8760,0,0.511,0.0,30.09,0.0
binance_ADAUSD,2023,8015,1,0.524,0.0,12.88,0.0001
binance_BCHUSD,2019,806,0,0.118,2.056,11.68,0.0
binance_BCHUSD,2020,8766,18,0.187,0.972,57.89,0.0
binance_BCHUSD,2021,8747,13,0.2,1.555,15.29,0.0001
binance_BCHUSD,2022,8760,0,0.508,0.0,,0.0
binance_BCHUSD,2023,8015,1,0.561,0.0,27.92,0.0001
binance_BNBUSD,2017,1341,0,0.374,1.861,195.15,0.0007
binance_BNBUSD,2018,8698,62,0.248,1.657,91.36,0.0
binance_BNBUSD,2019,8732,28,0.154,1.623,33.9,0.0001
binance_BNBUSD,2020,8766,18,0.173,0.745,56.92,0.0
binance_BNBUSD,2021,8747,13,0.385,0.279,29.86,0.0001
binance_BNBUSD,2022,8760,0,0.563,0.0,,0.0
binance_BNBUSD,2023,8015,1,0.561,0.0,19.26,0.0001
binance_BTCUSD,2017,3278,6,0.265,1.183,108.15,0.0003
binance_BTCUSD,2018,8698,62,0.311,0.173,48.32,0.0
binance_BTCUSD,2019,8732,28,0.198,0.44,,0.0001
binance_BTCUSD,2020,8766,18,0.335,0.01,44.48,0.0
binance_BTCUSD,2021,8747,13,0.429,0.002,,0.0001
binance_BTCUSD,2022,8760,0,0.459,0.002,,0.0
binance_BTCUSD,2023,8015,1,0.456,0.003,18.66,0.0001
binance_DOGEUSD,2019,4296,12,0.157,9.75,42.45,0.0
binance_DOGEUSD,2020,8766,18,0.169,5.907,69.38,0.0
binance_DOGEUSD,2021,8747,13,0.343,0.532,72.08,0.0001
binance_DOGEUSD,2022,8760,0,0.483,0.969,38.64,0.0
binance_DOGEUSD,2023,8015,1,0.487,1.086,18.92,0.0001
binance_DOTUSD,2020,3235,6,0.145,2.055,48.26,0.0
binance_DOTUSD,2021,8747,13,0.305,0.835,71.88,0.0001
binance_DOTUSD,2022,8760,0,0.565,0.0,36.01,0.0
binance_DOTUSD,2023,8015,1,0.465,1.522,20.35,0.0001
binance_ETHUSD,2017,3278,6,0.255,2.3,113.16,0.0009
binance_ETHUSD,2018,8698,62,0.302,0.925,48.5,0.0
binance_ETHUSD,2019,8732,28,0.266,0.751,15.29,0.0001
binance_ETHUSD,2020,8766,18,0.326,0.413,48.86,0.0
binance_ETHUSD,2021,8747,13,0.337,0.036,,0.0001
binance_ETHUSD,2022,8760,0,0.477,0.03,,0.0
binance_ETHUSD,2023,8015,1,0.476,0.049,18.78,0.0001
binance_LTCUSD,2017,453,0,0.409,0.942,211.7,0.0
binance_LTCUSD,2018,8698,62,0.288,3.047,63.64,0.0
binance_LTCUSD,2019,8732,28,0.314,1.763,28.78,0.0001
binance_LTCUSD,2020,8766,18,0.372,1.746,59.77,0.0
binance_LTCUSD,2021,8747,13,0.345,0.711,66.64,0.0001
binance_LTCUSD,2022,8760,0,0.484,1.305,21.05,0.0
binance_LTCUSD,2023,8015,1,0.463,1.032,28.97,0.0001
binance_SOLUSD,2020,3420,6,0.16,6.182,77.24,0.0
binance_SOLUSD,2021,8747,13,0.211,1.131,61.56,0.0001
binance_SOLUSD,2022,8760,0,0.479,0.731,35.82,0.0
binance_SOLUSD,2023,8015,1,0.555,0.0,9.95,0.0001
binance_XRPUSD,2018,5772,28,0.22,2.118,61.85,0.0
binance_XRPUSD,2019,8732,28,0.247,0.929,39.84,0.0001
binance_XRPUSD,2020,8766,18,0.256,0.671,55.4,0.0
binance_XRPUSD,2021,8747,13,0.375,0.724,60.58,0.0001
binance_XRPUSD,2022,8760,0,0.527,0.0,25.24,0.0
binance_XRPUSD,2023,8015,1,0.55,0.0,5.68,0.0001
bitstamp_BTCUSD,2011,3252,0,0.925,0.0,100.14,0.8973
bitstamp_BTCUSD,2012,8784,0,0.577,0.0,119.75,0.3737
bitstamp_BTCUSD,2013,8760,0,0.387,1.141,155.59,0.014
bitstamp_BTCUSD,2014,8760,0,0.324,0.97,55.38,0.0002
bitstamp_BTCUSD,2015,8760,0,0.283,1.779,16.92,0.0122
bitstamp_BTCUSD,2016,8784,0,0.307,1.787,33.17,0.0
bitstamp_BTCUSD,2017,8760,0,0.253,1.199,57.5,0.0
bitstamp_BTCUSD,2018,8760,0,0.226,1.528,35.13,0.0
bitstamp_BTCUSD,2019,8760,0,0.164,2.501,,0.0
bitstamp_BTCUSD,2020,8784,0,0.113,2.822,44.55,0.0005
bitstamp_BTCUSD,2021,8760,0,0.071,2.638,12.66,0.0
bitstamp_BTCUSD,2022,8760,0,0.127,1.834,1.54,0.0002
bitstamp_BTCUSD,2023,8016,0,0.2,0.87,18.16,0.0001
coinbase_ADAUSD,2021,6920,0,0.245,1.015,86.14,0.0
coinbase_ADAUSD,2022,8760,0,0.327,1.873,32.67,0.0
coinbase_ADAUSD,2023,8011,5,0.402,2.645,15.89,0.0
coinbase_BCHUSD,2017,270,17,0.321,0.041,215.98,0.0
coinbase_BCHUSD,2018,8628,132,0.332,0.189,48.99,0.0
coinbase_BCHUSD,2019,8758,2,0.162,2.764,41.02,0.0
coinbase_BCHUSD,2020,8781,3,0.106,3.039,53.86,0.0
coinbase_BCHUSD,2021,8760,0,0.081,2.46,16.18,0.0
coinbase_BCHUSD,2022,8760,0,0.109,2.74,,0.0
coinbase_BCHUSD,2023,8012,4,0.118,2.217,25.09,0.0
coinbase_BTCUSD,2015,3939,0,0.284,0.433,15.1,0.0
coinbase_BTCUSD,2016,8782,2,0.278,0.299,25.36,0.0
coinbase_BTCUSD,2017,8748,12,0.444,0.022,54.86,0.0
coinbase_BTCUSD,2018,8738,22,0.514,0.0,31.98,0.0
coinbase_BTCUSD,2019,8757,3,0.406,0.012,,0.0
coinbase_BTCUSD,2020,8781,3,0.334,0.011,45.59,0.0
coinbase_BTCUSD,2021,8760,0,0.28,0.033,11.97,0.0
coinbase_BTCUSD,2022,8760,0,0.15,0.214,,0.0
coinbase_BTCUSD,2023,8013,3,0.217,0.065,17.7,0.0
coinbase_DOGEUSD,2021,5072,0,0.418,3.591,14.6,0.0
coinbase_DOGEUSD,2022,8760,0,0.354,1.648,40.52,0.0
coinbase_DOGEUSD,2023,8011,5,0.275,1.466,25.54,0.0
coinbase_DOTUSD,2021,4760,0,0.15,2.792,,0.0
coinbase_DOTUSD,2022,8760,0,0.314,2.322,32.87,0.0
coinbase_DOTUSD,2023,8011,5,0.263,2.219,18.92,0.0
coinbase_ETHUSD,2016,5297,175,0.405,8.354,68.96,0.0
coinbase_ETHUSD,2017,8746,14,0.423,0.328,57.28,0.0
coinbase_ETHUSD,2018,8754,6,0.462,0.115,36.95,0.0
coinbase_ETHUSD,2019,8758,2,0.297,0.739,18.07,0.0
coinbase_ETHUSD,2020,8781,3,0.232,0.774,47.82,0.0
coinbase_ETHUSD,2021,8760,0,0.207,0.322,,0.0
coinbase_ETHUSD,2022,8760,0,0.146,0.389,,0.0
coinbase_ETHUSD,2023,8013,3,0.226,0.121,17.35,0.0
coinbase_LTCUSD,2016,2339,945,0.406,25.773,178.07,0.0
coinbase_LTCUSD,2017,8638,122,0.422,1.654,49.46,0.0
coinbase_LTCUSD,2018,8754,6,0.461,0.505,52.99,0.0
coinbase_LTCUSD,2019,8758,2,0.281,2.184,30.89,0.0
coinbase_LTCUSD,2020,8781,3,0.236,2.43,64.2,0.0
coinbase_LTCUSD,2021,8760,0,0.155,1.771,81.69,0.0
coinbase_LTCUSD,2022,8760,0,0.245,1.822,19.92,0.0
coinbase_LTCUSD,2023,8011,5,0.284,1.368,26.41,0.0
coinbase_SOLUSD,2021,4736,0,0.11,1.862,62.07,0.0
coinbase_SOLUSD,2022,8760,0,0.336,2.137,35.09,0.0
coinbase_SOLUSD,2023,8011,5,0.446,3.448,4.64,0.0
coinbase_USDTUSD,2021,5807,0,0.548,0.0,1.73,0.0
coinbase_USDTUSD,2022,8760,0,0.53,0.0,2.94,0.0
coinbase_USDTUSD,2023,8012,4,0.574,0.0,,0.0
coinbase_XRPUSD,2019,7397,2,0.408,3.201,44.09,0.0
coinbase_XRPUSD,2020,8781,3,0.443,3.396,60.36,0.0
coinbase_XRPUSD,2021,451,8309,0.364,3.414,121.7,0.0
coinbase_XRPUSD,2023,3364,4652,0.383,1.608,46.16,0.0
upbit_ADAKRW,2017,1953,127,0.513,0.0,204.69,0.0
upbit_ADAKRW,2018,8744,16,0.697,0.0,80.7,0.0
upbit_ADAKRW,2019,8743,17,0.641,0.0,55.03,0.0
upbit_ADAKRW,2020,8776,8,0.644,0.0,77.42,0.0
upbit_ADAKRW,2021,8739,21,0.644,0.0,84.82,0.0
upbit_ADAKRW,2022,8751,9,0.637,0.0,43.16,0.0
upbit_ADAKRW,2023,8003,13,0.617,0.0,28.95,0.0
upbit_BTCKRW,2017,2333,16,0.39,1.198,93.54,0.0
upbit_BTCKRW,2018,8746,14,0.508,0.0,54.57,0.0
upbit_BTCKRW,2019,8747,13,0.538,0.0,20.55,0.0
upbit_BTCKRW,2020,8779,5,0.526,0.0,36.1,0.0
upbit_BTCKRW,2021,8742,18,0.438,0.174,15.57,0.0
upbit_BTCKRW,2022,8751,9,0.445,0.27,14.43,0.0
upbit_BTCKRW,2023,8004,12,0.458,0.257,16.88,0.0
upbit_DOGEKRW,2021,7441,17,0.628,0.0,47.65,0.0
upbit_DOGEKRW,2022,8752,8,0.607,0.0,62.83,0.0
upbit_DOGEKRW,2023,8002,14,0.639,0.0,62.1,0.0
upbit_ETHKRW,2017,2232,117,0.369,3.755,109.1,0.0
upbit_ETHKRW,2018,8744,16,0.529,0.0,66.83,0.0
upbit_ETHKRW,2019,8743,17,0.535,0.0,28.95,0.0
upbit_ETHKRW,2020,8777,7,0.51,0.0,45.1,0.0
upbit_ETHKRW,2021,8742,18,0.526,0.0,22.02,0.0
upbit_ETHKRW,2022,8752,8,0.506,0.0,6.14,0.0
upbit_ETHKRW,2023,8002,14,0.496,2.534,16.9,0.0
upbit_SOLKRW,2021,1863,3,0.531,0.0,48.02,0.0
upbit_SOLKRW,2022,8752,8,0.504,0.0,,0.0
upbit_SOLKRW,2023,8003,13,0.479,2.243,31.46,0.0
upbit_XRPKRW,2017,2219,120,0.566,0.0,235.02,0.0
upbit_XRPKRW,2018,8745,15,0.713,0.0,92.29,0.0
upbit_XRPKRW,2019,8741,19,0.704,0.0,43.4,0.0
upbit_XRPKRW,2020,8777,7,0.665,0.0,54.44,0.0
upbit_XRPKRW,2021,8742,18,0.617,0.0,67.06,0.0
upbit_XRPKRW,2022,8751,9,0.627,0.0,21.21,0.0
upbit_XRPKRW,2023,8002,14,0.635,0.0,,0.0
