symbol,digits,point,H1_first,H1_last,H1_n,M1_first_month,M1_years_hit,tick_first_month,tick_two_sided_frac,tick_years_hit
BTCUSD,2,0.01,,,0,2005-01,21/21,2022-02,1.0,4/21
ETHUSD,2,0.01,,,0,2005-01,21/21,2022-02,1.0,4/21
BNBUSD,2,0.01,,,0,2005-01,21/21,2025-05,1.0,1/21
SOLUSD,2,0.01,,,0,2005-01,21/21,2025-05,1.0,1/21
XRPUSD,5,1e-05,,,0,2005-01,21/21,2022-02,1.0,4/21
DOGEUSD,5,1e-05,,,0,2005-01,21/21,2022-02,1.0,4/21
ADAUSD,4,0.0001,,,0,2005-01,21/21,2022-02,1.0,4/21
LTCUSD,2,0.01,,,0,2005-01,21/21,2022-02,1.0,4/21
BCHUSD,2,0.01,,,0,2005-01,21/21,2025-05,1.0,1/21
DOTUSD,4,0.0001,,,0,2005-01,21/21,2022-02,1.0,4/21
