t,BTCUSD,ETHUSD,BNBUSD,SOLUSD,XRPUSD,DOGEUSD,ADAUSD,LTCUSD,BCHUSD,DOTUSD
0,0.1198455692490179,0.19173413294726688,1.5429347726975333,1.534632401007767,1.0189370981373713,3.335174462162641,2.0385876106958616,1.549750555338086,1.5651189448278362,2.0424803993098575
1,0.09354367213610362,0.15513973006101384,1.3826097176208894,1.5253598471498762,0.8758600767026373,3.38113698188255,1.8275375046036393,1.4445385333981096,1.4836147137794047,1.8331967433232395
2,0.08255369712175303,0.15826311920136385,1.3420088221432755,1.5189184393476476,0.8515263228293333,2.9770017557203223,1.8164457900717084,1.3877114493305052,1.499698762798995,1.8326056255217118
3,0.07714437155444426,0.1397634626104079,1.3124266735870451,1.5291034272451358,0.8518083085095308,2.9147770895403227,1.806604556815551,1.3957402275723423,1.3848340747275785,1.787529607653086
4,0.07621785951778468,0.14315452614244284,1.312149714861766,1.587473574764223,0.857363751574975,3.2760051600364255,1.8106584737784437,1.355088471587877,1.4174126672852472,1.784550456608015
5,0.07734769887901463,0.13147935397558186,1.3081536956988253,1.5371205191695099,0.8516022750474841,2.9091380644576583,1.800473061328518,1.3494490214941597,1.3830595947179931,1.7396310489653755
6,0.0840473143616953,0.13510626724335495,1.3855542995285979,1.5341409706576734,0.902047880210321,2.9197080291975688,1.7986757508082345,1.3739060092724182,1.3675875526650132,1.739063159912182
7,0.08973296380994564,0.1496935586815909,1.3095897133423793,1.5336425951762276,0.8607974985655227,2.9776688960226796,1.6719472382231497,1.3911846429261538,1.4107265338819561,1.733008822888059
8,0.09571069778687089,0.16191423994499549,1.313329962156815,1.5208496963793052,0.8488308880829141,2.921413964358428,1.7690805560410117,1.3142129603280077,1.4111405764950573,1.7573747631029277
9,0.08138420394618076,0.14616279644992108,1.3112963184152866,1.5413642327469406,0.8484546707227877,2.916651860200772,1.7386642325536277,1.2954640957391044,1.3637246515723345,1.7070051718821584
10,0.07764394920849155,0.1544314133243912,1.3131254819041462,1.5967877085763589,0.8501168801754124,2.9282576866769174,1.7224248876389145,1.2981852133527836,1.3915978800361115,1.810644287134007
11,0.083574210170856,0.15249546555747795,1.4328282194509767,1.575495218838448,0.9320751020082164,3.394460716463098,1.7730634960796463,1.3460235346934293,1.4713863573277841,1.8421217139876433
12,0.09120090402678213,0.1548144714640637,1.5482240436872985,1.59378538868816,1.0543558334416165,3.0759978152094996,1.8359219310001103,1.4332758441888673,1.5002293201175356,1.836337353856116
13,0.1047451048105991,0.15866124269000004,1.5562915558828467,1.6050178861372306,0.9587027692142829,3.3728177041419096,1.8841886231925484,1.4432432685332837,1.5024642083897963,1.836757052585826
14,0.09751197494164596,0.16250364099490738,1.564018197836091,1.6176708213021067,1.001857268149382,3.2293167562108818,1.780625278072081,1.4347487532531504,1.5006577536651755,1.8329312776308209
15,0.0997722408361447,0.18146549698587475,1.5644274826107858,1.5562056919001201,0.939957567091871,2.9152169835023574,1.8479184162872289,1.4213893262311668,1.523451060327801,1.8125954860020632
16,0.1118870938581302,0.1809007440664612,1.6188744099576442,1.6256374876112234,1.046403390632121,2.902717868047013,2.030814429129615,1.4787002138845158,1.629638351903575,1.8485799251756656
17,0.09639731471619535,0.15515269862920816,1.5594149876985686,1.6237063526115518,0.9761508335528359,2.9077995268231396,1.9782269854616896,1.4889076276940898,1.4222533913552136,1.8136607539522034
18,0.09568933095713908,0.14417158839646663,1.5433302528951112,1.6152237139031382,0.9628567151858392,3.267289175887935,1.836279516521955,1.4442310298779413,1.4119904606232399,1.7965637528430112
19,0.09642292610958489,0.16317706761911133,1.537830709399771,1.617932111687454,0.9737981194666476,3.0163735677192864,1.8330304598544513,1.480980981976984,1.4298266255896466,1.7935750209530728
20,0.09747632600508699,0.15873449935845757,1.5401982095356397,1.5976881879442244,0.9493259996986552,3.288084071061422,1.7891241520036918,1.3921488865035132,1.4144885581753015,1.7772162702057008
21,0.10590448086207745,0.20918127926670432,1.5217028772188985,1.5436362759667186,0.9192264405765601,2.8943560057891964,1.872190448990452,1.4979158851673249,1.3974992063697975,1.7691499735339868
22,0.09747529065485762,0.22075574167701356,1.5418987639302497,1.586384299900752,1.05370618718349,3.2399899400315255,1.9826315624393855,1.4884481020194626,1.5306926348511252,1.7634400921281173
23,0.08599304989147151,0.1730643003161128,1.5705678834733303,1.5907437988498796,1.0020715867686816,3.437230894051505,2.004764488138795,1.5130749203996472,1.5307587051987488,1.7632128026667486
