year,events,gross_bp,net_bp,t_gross,idea
2018,240,118.41,94.1,1.99,H2
2019,501,46.82,22.1,1.15,H2
2020,1108,52.93,26.27,1.77,H2
2021,1110,-5.62,-32.61,-0.14,H2
2022,820,32.79,5.8,0.6,H2
2023,330,47.48,20.48,1.21,H2
2018,92,58.01,36.21,0.01,H7
2019,150,19.29,-4.92,0.21,H7
2020,265,130.93,104.9,1.33,H7
2021,419,191.93,165.01,2.27,H7
2022,295,27.62,1.12,0.19,H7
2023,40,38.22,10.6,0.22,H7
2018,1180,-17.71,-35.42,-0.82,H6
2019,580,40.12,21.63,2.0,H6
2020,2356,17.27,-3.36,1.55,H6
2021,6130,-2.47,-23.31,-0.05,H6
2022,1960,26.98,6.13,1.23,H6
2023,80,-47.91,-68.75,-3.01,H6
