hour,n,bid_bp,t_bid,mid_bp,t_mid,half_spread
0,1309,-0.3585196393653008,-1.9394950362893333,-0.4067781771587753,-2.2026418532764254,0.16405948797050213
1,1376,0.12711879592522884,0.6686096481563735,0.1189344304494342,0.6254409191494175,0.139722046521832
2,1479,-0.15010600010448236,-0.8742564519596437,-0.1478394092472499,-0.8615925088188456,0.13895643715683315
3,1479,-0.0991043362134552,-0.7173734795595721,-0.10187532339330624,-0.737598880856132,0.13859437584113637
4,1479,0.1019700863559901,0.8436355142091818,0.09994089432369052,0.8275651952027887,0.138497121568039
5,1479,-0.11534766451672764,-0.9070403372106681,-0.10821495150350757,-0.8514041903556647,0.13930098764491497
6,1479,0.11824050577325437,0.7549835119761905,0.12779066801252104,0.8165785095521843,0.16568635572877147
7,1479,-0.5107349106040383,-2.052512531075608,-0.5264588972410668,-2.11494567927264,0.13470009024894591
8,1475,0.6092310800386471,1.8687790398656525,0.6202692905269954,1.9036930764310143,0.13864177276601655
9,1475,0.12841855781808853,0.47671877765328763,0.13196852190420288,0.48967440881138014,0.13803702153007844
10,1475,0.10090127414066605,0.4404087703934511,0.08011224136245547,0.34974874158491775,0.13360826946104423
11,1475,-0.262936885998899,-1.1558772934466128,-0.2691455641567706,-1.1836760918758285,0.12919840999812446
12,1475,-0.8816993185718808,-3.43537293169571,-0.8788756471296281,-3.4234164847767232,0.12934100756633898
13,1475,0.8504167658976491,2.038939932800736,0.8550662690396319,2.0502187717379265,0.13264417316243382
14,1475,0.39163605650454775,1.1715611646353916,0.4382512526056777,1.3103742841877184,0.13859309529187475
15,1475,-0.8537249104408499,-2.1554932816037065,-0.9223370259317929,-2.3291785518629173,0.12398999814004459
16,1475,-0.07034308809380928,-0.2575079635396095,-0.05726774237157598,-0.2096526379082819,0.12893077706568373
17,1475,-0.3191974625711526,-1.4699060555340158,-0.3147574968240875,-1.450164505999976,0.12861791476051126
18,1475,0.1705061206649297,0.77314463610041,0.19092700712307345,0.8659553873356849,0.12871945594565676
19,1475,0.07958925731769396,0.3441055554549863,0.059864752787778044,0.2587501808932298,0.1280294979971771
20,1475,-0.07193858227452107,-0.4277905032518836,-0.005648738351031819,-0.03357475360083028,0.13739849686134448
21,1457,-0.7204807932419491,-6.174198286638308,0.2912461951538594,2.5696206081321034,0.8444234276834847
22,1182,0.42961331671305425,4.761729106365878,0.2866051968144223,3.230910209534476,0.6323326182829826
23,1309,1.1706911894027299,7.6245823656950344,0.5733378959781736,3.7820607003629427,0.18701376421323307
