,gspc_stale_pct,gspc_n,spy_stale_pct,spy_n
1950,4.032258064516129,248,,
1951,3.2128514056224895,249,,
1952,3.2,250,,
1953,1.593625498007968,251,,
1954,4.365079365079365,252,,
1955,2.380952380952381,252,,
1956,1.593625498007968,251,,
1957,2.7777777777777777,252,,
1958,1.984126984126984,252,,
1959,1.5810276679841897,253,,
1960,1.984126984126984,252,,
1961,1.2,250,,
1962,94.44444444444444,252,,
1963,97.60956175298804,251,,
1964,99.2094861660079,253,,
1965,97.22222222222221,252,,
1966,96.82539682539682,252,,
1967,94.02390438247012,251,,
1968,96.90265486725663,226,,
1969,97.2,250,,
1970,94.88188976377953,254,,
1971,90.51383399209486,253,,
1972,98.00796812749005,251,,
1973,87.3015873015873,252,,
1974,84.98023715415019,253,,
1975,92.88537549407114,253,,
1976,96.44268774703558,253,,
1977,95.23809523809523,252,,
1978,90.87301587301587,252,,
1979,93.2806324110672,253,,
1980,93.2806324110672,253,,
1981,96.04743083003953,253,,
1982,42.68774703557312,253,,
1983,32.41106719367589,253,,
1984,86.56126482213439,253,,
1985,93.65079365079364,252,,
1986,72.72727272727273,253,,
1987,36.36363636363637,253,,
1988,18.57707509881423,253,,
1989,82.53968253968253,252,,
1990,78.65612648221344,253,,
1991,70.35573122529645,253,,
1992,58.26771653543307,254,,
1993,50.19762845849802,253,14.163090128755366,233.0
1994,44.44444444444444,252,9.523809523809524,252.0
1995,75.0,252,4.761904761904762,252.0
1996,97.63779527559055,254,3.937007874015748,254.0
1997,97.23320158102767,253,3.9525691699604746,253.0
1998,98.01587301587301,252,1.984126984126984,252.0
1999,96.82539682539682,252,1.1904761904761905,252.0
2000,96.03174603174604,252,1.5873015873015872,252.0
2001,94.75806451612904,248,1.2096774193548387,248.0
2002,94.84126984126983,252,0.7936507936507936,252.0
2003,98.01587301587301,252,1.1904761904761905,252.0
2004,97.61904761904762,252,0.3968253968253968,252.0
2005,96.03174603174604,252,0.0,252.0
2006,42.62948207171315,251,3.187250996015936,251.0
2007,15.53784860557769,251,1.593625498007968,251.0
2008,1.185770750988142,253,0.3952569169960474,253.0
2009,1.5873015873015872,252,0.0,252.0
2010,1.1904761904761905,252,0.3968253968253968,252.0
2011,9.126984126984127,252,0.7936507936507936,252.0
2012,25.2,250,0.0,250.0
2013,26.190476190476193,252,0.7936507936507936,252.0
2014,0.3968253968253968,252,0.7936507936507936,252.0
2015,0.3968253968253968,252,0.3968253968253968,252.0
2016,0.0,252,3.968253968253968,252.0
2017,0.0,251,5.179282868525896,251.0
2018,0.0,251,0.0,251.0
2019,0.0,252,0.3968253968253968,252.0
2020,0.0,253,0.0,253.0
2021,0.3968253968253968,252,0.0,252.0
2022,0.0,251,0.0,251.0
2023,0.0,250,0.4,250.0
2024,0.0,252,1.1904761904761905,252.0
2025,0.0,250,0.0,250.0
2026,0.0,159,0.0,155.0
